<?xml version="1.0" encoding="utf-8"?>
<django-objects version="1.0"><object model="user_side.all_mesurement" pk="35"><field name="ID" rel="ManyToOneRel" to="user_side.mesurement_list">27zhr9</field><field name="ammount" type="IntegerField">21</field><field name="time" type="DateTimeField">2023-12-26T11:12:09.145281+00:00</field></object><object model="user_side.all_mesurement" pk="36"><field name="ID" rel="ManyToOneRel" to="user_side.mesurement_list">27zhr9</field><field name="ammount" type="IntegerField">11</field><field name="time" type="DateTimeField">2023-12-26T11:12:18.464039+00:00</field></object><object model="user_side.all_mesurement" pk="37"><field name="ID" rel="ManyToOneRel" to="user_side.mesurement_list">27zhr9</field><field name="ammount" type="IntegerField">20</field><field name="time" type="DateTimeField">2023-12-26T11:12:50.038782+00:00</field></object><object model="user_side.all_mesurement" pk="38"><field name="ID" rel="ManyToOneRel" to="user_side.mesurement_list">27zhr9</field><field name="ammount" type="IntegerField">21</field><field name="time" type="DateTimeField">2023-12-26T11:13:04.711927+00:00</field></object><object model="user_side.all_mesurement" pk="39"><field name="ID" rel="ManyToOneRel" to="user_side.mesurement_list">27zhr9</field><field name="ammount" type="IntegerField">20</field><field name="time" type="DateTimeField">2023-12-26T11:13:59.648776+00:00</field></object><object model="user_side.all_mesurement" pk="40"><field name="ID" rel="ManyToOneRel" to="user_side.mesurement_list">27zhr9</field><field name="ammount" type="IntegerField">11</field><field name="time" type="DateTimeField">2023-12-26T11:14:23.069702+00:00</field></object></django-objects>