<?xml version="1.0" encoding="utf-8"?>
<django-objects version="1.0"><object model="user_side.all_mesurement" pk="91"><field name="ID" rel="ManyToOneRel" to="user_side.mesurement_list">1cms8z</field><field name="ammount" type="IntegerField">13</field><field name="time" type="DateTimeField">2023-12-27T14:17:18.387309+00:00</field></object><object model="user_side.all_mesurement" pk="92"><field name="ID" rel="ManyToOneRel" to="user_side.mesurement_list">1cms8z</field><field name="ammount" type="IntegerField">12</field><field name="time" type="DateTimeField">2023-12-27T14:17:57.813145+00:00</field></object><object model="user_side.all_mesurement" pk="93"><field name="ID" rel="ManyToOneRel" to="user_side.mesurement_list">1cms8z</field><field name="ammount" type="IntegerField">10</field><field name="time" type="DateTimeField">2023-12-27T14:18:34.578439+00:00</field></object><object model="user_side.all_mesurement" pk="94"><field name="ID" rel="ManyToOneRel" to="user_side.mesurement_list">1cms8z</field><field name="ammount" type="IntegerField">1</field><field name="time" type="DateTimeField">2023-12-27T14:19:11.396456+00:00</field></object></django-objects>