<?xml version="1.0" encoding="utf-8"?>
<django-objects version="1.0"><object model="user_side.all_mesurement" pk="9"><field name="ID" rel="ManyToOneRel" to="user_side.mesurement_list">bbxr0o</field><field name="ammount" type="IntegerField">10</field><field name="time" type="DateTimeField">2023-12-26T10:36:24.514234+00:00</field></object><object model="user_side.all_mesurement" pk="10"><field name="ID" rel="ManyToOneRel" to="user_side.mesurement_list">bbxr0o</field><field name="ammount" type="IntegerField">11</field><field name="time" type="DateTimeField">2023-12-26T10:36:27.205052+00:00</field></object><object model="user_side.all_mesurement" pk="11"><field name="ID" rel="ManyToOneRel" to="user_side.mesurement_list">bbxr0o</field><field name="ammount" type="IntegerField">2</field><field name="time" type="DateTimeField">2023-12-26T10:36:29.626990+00:00</field></object><object model="user_side.all_mesurement" pk="12"><field name="ID" rel="ManyToOneRel" to="user_side.mesurement_list">bbxr0o</field><field name="ammount" type="IntegerField">24</field><field name="time" type="DateTimeField">2023-12-26T10:36:32.692657+00:00</field></object><object model="user_side.all_mesurement" pk="13"><field name="ID" rel="ManyToOneRel" to="user_side.mesurement_list">bbxr0o</field><field name="ammount" type="IntegerField">46</field><field name="time" type="DateTimeField">2023-12-26T10:36:36.873884+00:00</field></object><object model="user_side.all_mesurement" pk="14"><field name="ID" rel="ManyToOneRel" to="user_side.mesurement_list">bbxr0o</field><field name="ammount" type="IntegerField">10</field><field name="time" type="DateTimeField">2023-12-26T10:36:38.920586+00:00</field></object><object model="user_side.all_mesurement" pk="15"><field name="ID" rel="ManyToOneRel" to="user_side.mesurement_list">bbxr0o</field><field name="ammount" type="IntegerField">4</field><field name="time" type="DateTimeField">2023-12-26T10:36:48.161864+00:00</field></object><object model="user_side.all_mesurement" pk="16"><field name="ID" rel="ManyToOneRel" to="user_side.mesurement_list">bbxr0o</field><field name="ammount" type="IntegerField">4</field><field name="time" type="DateTimeField">2023-12-26T10:37:48.064435+00:00</field></object></django-objects>