<?xml version="1.0" encoding="utf-8"?>
<django-objects version="1.0"><object model="user_side.all_mesurement" pk="58"><field name="ID" rel="ManyToOneRel" to="user_side.mesurement_list">4zaxzx</field><field name="ammount" type="IntegerField">18</field><field name="time" type="DateTimeField">2023-12-27T13:51:24.193442+00:00</field></object><object model="user_side.all_mesurement" pk="59"><field name="ID" rel="ManyToOneRel" to="user_side.mesurement_list">4zaxzx</field><field name="ammount" type="IntegerField">9</field><field name="time" type="DateTimeField">2023-12-27T13:51:33.655469+00:00</field></object><object model="user_side.all_mesurement" pk="60"><field name="ID" rel="ManyToOneRel" to="user_side.mesurement_list">4zaxzx</field><field name="ammount" type="IntegerField">1</field><field name="time" type="DateTimeField">2023-12-27T13:51:43.110413+00:00</field></object></django-objects>