<?xml version="1.0" encoding="utf-8"?>
<django-objects version="1.0"><object model="user_side.mesurement_data" pk="6"><field name="ID" rel="ManyToOneRel" to="user_side.mesurement_list">27zhr9</field><field name="Place" rel="ManyToOneRel" to="user_side.mesured_place"></field><field name="Person" rel="ManyToOneRel" to="user_side.user"></field><field name="Start_Time" type="DateTimeField">2023-12-26T11:11:46.599784+00:00</field><field name="Finished" type="BooleanField">True</field><field name="SUM" type="IntegerField">104</field><field name="mesured_time" type="IntegerField">133</field><field name="End_Time" type="DateTimeField">2023-12-26T11:14:33.948070+00:00</field></object></django-objects>