<?xml version="1.0" encoding="utf-8"?>
<django-objects version="1.0"><object model="user_side.all_mesurement" pk="17"><field name="ID" rel="ManyToOneRel" to="user_side.mesurement_list">9w4zq9</field><field name="ammount" type="IntegerField">42</field><field name="time" type="DateTimeField">2023-12-26T10:47:46.606472+00:00</field></object><object model="user_side.all_mesurement" pk="18"><field name="ID" rel="ManyToOneRel" to="user_side.mesurement_list">9w4zq9</field><field name="ammount" type="IntegerField">32</field><field name="time" type="DateTimeField">2023-12-26T10:47:51.062913+00:00</field></object><object model="user_side.all_mesurement" pk="19"><field name="ID" rel="ManyToOneRel" to="user_side.mesurement_list">9w4zq9</field><field name="ammount" type="IntegerField">21</field><field name="time" type="DateTimeField">2023-12-26T10:47:53.854438+00:00</field></object><object model="user_side.all_mesurement" pk="20"><field name="ID" rel="ManyToOneRel" to="user_side.mesurement_list">9w4zq9</field><field name="ammount" type="IntegerField">12</field><field name="time" type="DateTimeField">2023-12-26T10:47:57.780533+00:00</field></object><object model="user_side.all_mesurement" pk="21"><field name="ID" rel="ManyToOneRel" to="user_side.mesurement_list">9w4zq9</field><field name="ammount" type="IntegerField">17</field><field name="time" type="DateTimeField">2023-12-26T10:48:00.576131+00:00</field></object><object model="user_side.all_mesurement" pk="22"><field name="ID" rel="ManyToOneRel" to="user_side.mesurement_list">9w4zq9</field><field name="ammount" type="IntegerField">11</field><field name="time" type="DateTimeField">2023-12-26T10:48:06.720755+00:00</field></object></django-objects>