<?xml version="1.0" encoding="utf-8"?>
<django-objects version="1.0"><object model="user_side.all_measurement" pk="9"><field name="ID" rel="ManyToOneRel" to="user_side.measurement_list">pri8d7</field><field name="ammount" type="IntegerField">3</field><field name="time" type="DateTimeField">2023-12-27T18:22:40.570947+00:00</field></object><object model="user_side.all_measurement" pk="10"><field name="ID" rel="ManyToOneRel" to="user_side.measurement_list">pri8d7</field><field name="ammount" type="IntegerField">5</field><field name="time" type="DateTimeField">2023-12-27T18:23:14.726892+00:00</field></object><object model="user_side.all_measurement" pk="11"><field name="ID" rel="ManyToOneRel" to="user_side.measurement_list">pri8d7</field><field name="ammount" type="IntegerField">5</field><field name="time" type="DateTimeField">2023-12-27T18:23:50.183833+00:00</field></object><object model="user_side.all_measurement" pk="12"><field name="ID" rel="ManyToOneRel" to="user_side.measurement_list">pri8d7</field><field name="ammount" type="IntegerField">1</field><field name="time" type="DateTimeField">2023-12-27T18:24:25.681931+00:00</field></object></django-objects>