<?xml version="1.0" encoding="utf-8"?>
<django-objects version="1.0"><object model="user_side.all_mesurement" pk="29"><field name="ID" rel="ManyToOneRel" to="user_side.mesurement_list">yu7r6m</field><field name="ammount" type="IntegerField">11</field><field name="time" type="DateTimeField">2023-12-26T11:03:11.163905+00:00</field></object><object model="user_side.all_mesurement" pk="30"><field name="ID" rel="ManyToOneRel" to="user_side.mesurement_list">yu7r6m</field><field name="ammount" type="IntegerField">12</field><field name="time" type="DateTimeField">2023-12-26T11:03:31.054846+00:00</field></object><object model="user_side.all_mesurement" pk="31"><field name="ID" rel="ManyToOneRel" to="user_side.mesurement_list">yu7r6m</field><field name="ammount" type="IntegerField">3</field><field name="time" type="DateTimeField">2023-12-26T11:03:51.704930+00:00</field></object><object model="user_side.all_mesurement" pk="32"><field name="ID" rel="ManyToOneRel" to="user_side.mesurement_list">yu7r6m</field><field name="ammount" type="IntegerField">22</field><field name="time" type="DateTimeField">2023-12-26T11:04:04.195244+00:00</field></object><object model="user_side.all_mesurement" pk="33"><field name="ID" rel="ManyToOneRel" to="user_side.mesurement_list">yu7r6m</field><field name="ammount" type="IntegerField">25</field><field name="time" type="DateTimeField">2023-12-26T11:04:11.650996+00:00</field></object><object model="user_side.all_mesurement" pk="34"><field name="ID" rel="ManyToOneRel" to="user_side.mesurement_list">yu7r6m</field><field name="ammount" type="IntegerField">13</field><field name="time" type="DateTimeField">2023-12-26T11:04:47.477092+00:00</field></object></django-objects>