<?xml version="1.0" encoding="utf-8"?>
<django-objects version="1.0"><object model="user_side.all_mesurement" pk="1"><field name="ID" rel="ManyToOneRel" to="user_side.mesurement_list">cu038b</field><field name="ammount" type="IntegerField">18</field><field name="time" type="DateTimeField"><None></None></field></object><object model="user_side.all_mesurement" pk="2"><field name="ID" rel="ManyToOneRel" to="user_side.mesurement_list">cu038b</field><field name="ammount" type="IntegerField">20</field><field name="time" type="DateTimeField"><None></None></field></object><object model="user_side.all_mesurement" pk="3"><field name="ID" rel="ManyToOneRel" to="user_side.mesurement_list">cu038b</field><field name="ammount" type="IntegerField">20</field><field name="time" type="DateTimeField"><None></None></field></object><object model="user_side.all_mesurement" pk="4"><field name="ID" rel="ManyToOneRel" to="user_side.mesurement_list">cu038b</field><field name="ammount" type="IntegerField">20</field><field name="time" type="DateTimeField"><None></None></field></object><object model="user_side.all_mesurement" pk="5"><field name="ID" rel="ManyToOneRel" to="user_side.mesurement_list">cu038b</field><field name="ammount" type="IntegerField">20</field><field name="time" type="DateTimeField"><None></None></field></object><object model="user_side.all_mesurement" pk="6"><field name="ID" rel="ManyToOneRel" to="user_side.mesurement_list">cu038b</field><field name="ammount" type="IntegerField">20</field><field name="time" type="DateTimeField"><None></None></field></object><object model="user_side.all_mesurement" pk="7"><field name="ID" rel="ManyToOneRel" to="user_side.mesurement_list">cu038b</field><field name="ammount" type="IntegerField">20</field><field name="time" type="DateTimeField"><None></None></field></object><object model="user_side.all_mesurement" pk="8"><field name="ID" rel="ManyToOneRel" to="user_side.mesurement_list">cu038b</field><field name="ammount" type="IntegerField">20</field><field name="time" type="DateTimeField">2023-12-24T18:48:06.232806+00:00</field></object><object model="user_side.all_mesurement" pk="9"><field name="ID" rel="ManyToOneRel" to="user_side.mesurement_list">cu038b</field><field name="ammount" type="IntegerField">10</field><field name="time" type="DateTimeField">2023-12-24T18:48:10.595916+00:00</field></object><object model="user_side.all_mesurement" pk="74"><field name="ID" rel="ManyToOneRel" to="user_side.mesurement_list">0vffyl</field><field name="ammount" type="IntegerField">11</field><field name="time" type="DateTimeField">2023-12-25T18:09:57.222371+00:00</field></object><object model="user_side.all_mesurement" pk="75"><field name="ID" rel="ManyToOneRel" to="user_side.mesurement_list">0vffyl</field><field name="ammount" type="IntegerField">11</field><field name="time" type="DateTimeField">2023-12-25T18:10:06.074711+00:00</field></object><object model="user_side.all_mesurement" pk="76"><field name="ID" rel="ManyToOneRel" to="user_side.mesurement_list">0vffyl</field><field name="ammount" type="IntegerField">11</field><field name="time" type="DateTimeField">2023-12-25T18:12:26.565181+00:00</field></object></django-objects>