<?xml version="1.0" encoding="utf-8"?>
<django-objects version="1.0"><object model="user_side.all_mesurement" pk="23"><field name="ID" rel="ManyToOneRel" to="user_side.mesurement_list">97sdqu</field><field name="ammount" type="IntegerField">21</field><field name="time" type="DateTimeField">2023-12-26T10:56:40.252722+00:00</field></object><object model="user_side.all_mesurement" pk="24"><field name="ID" rel="ManyToOneRel" to="user_side.mesurement_list">97sdqu</field><field name="ammount" type="IntegerField">12</field><field name="time" type="DateTimeField">2023-12-26T10:56:44.846801+00:00</field></object><object model="user_side.all_mesurement" pk="25"><field name="ID" rel="ManyToOneRel" to="user_side.mesurement_list">97sdqu</field><field name="ammount" type="IntegerField">11</field><field name="time" type="DateTimeField">2023-12-26T10:56:47.328435+00:00</field></object><object model="user_side.all_mesurement" pk="26"><field name="ID" rel="ManyToOneRel" to="user_side.mesurement_list">97sdqu</field><field name="ammount" type="IntegerField">14</field><field name="time" type="DateTimeField">2023-12-26T10:56:49.550920+00:00</field></object><object model="user_side.all_mesurement" pk="27"><field name="ID" rel="ManyToOneRel" to="user_side.mesurement_list">97sdqu</field><field name="ammount" type="IntegerField">120</field><field name="time" type="DateTimeField">2023-12-26T10:56:51.999071+00:00</field></object><object model="user_side.all_mesurement" pk="28"><field name="ID" rel="ManyToOneRel" to="user_side.mesurement_list">97sdqu</field><field name="ammount" type="IntegerField">24</field><field name="time" type="DateTimeField">2023-12-26T10:57:00.523229+00:00</field></object></django-objects>