<?xml version="1.0" encoding="utf-8"?>
<django-objects version="1.0"><object model="user_side.all_mesurement" pk="1"><field name="ID" rel="ManyToOneRel" to="user_side.mesurement_list">r8v7dx</field><field name="ammount" type="IntegerField">12</field><field name="time" type="DateTimeField">2023-12-26T10:31:41.823977+00:00</field></object><object model="user_side.all_mesurement" pk="2"><field name="ID" rel="ManyToOneRel" to="user_side.mesurement_list">r8v7dx</field><field name="ammount" type="IntegerField">11</field><field name="time" type="DateTimeField">2023-12-26T10:31:44.808819+00:00</field></object><object model="user_side.all_mesurement" pk="3"><field name="ID" rel="ManyToOneRel" to="user_side.mesurement_list">r8v7dx</field><field name="ammount" type="IntegerField">10</field><field name="time" type="DateTimeField">2023-12-26T10:31:46.930827+00:00</field></object><object model="user_side.all_mesurement" pk="4"><field name="ID" rel="ManyToOneRel" to="user_side.mesurement_list">r8v7dx</field><field name="ammount" type="IntegerField">132</field><field name="time" type="DateTimeField">2023-12-26T10:31:49.690619+00:00</field></object><object model="user_side.all_mesurement" pk="5"><field name="ID" rel="ManyToOneRel" to="user_side.mesurement_list">r8v7dx</field><field name="ammount" type="IntegerField">22</field><field name="time" type="DateTimeField">2023-12-26T10:31:55.774818+00:00</field></object><object model="user_side.all_mesurement" pk="6"><field name="ID" rel="ManyToOneRel" to="user_side.mesurement_list">r8v7dx</field><field name="ammount" type="IntegerField">1</field><field name="time" type="DateTimeField">2023-12-26T10:32:00.721341+00:00</field></object><object model="user_side.all_mesurement" pk="7"><field name="ID" rel="ManyToOneRel" to="user_side.mesurement_list">r8v7dx</field><field name="ammount" type="IntegerField">4</field><field name="time" type="DateTimeField">2023-12-26T10:32:07.970477+00:00</field></object><object model="user_side.all_mesurement" pk="8"><field name="ID" rel="ManyToOneRel" to="user_side.mesurement_list">r8v7dx</field><field name="ammount" type="IntegerField">4</field><field name="time" type="DateTimeField">2023-12-26T10:33:39.061248+00:00</field></object></django-objects>