<?xml version="1.0" encoding="utf-8"?>
<django-objects version="1.0"><object model="user_side.all_mesurement" pk="61"><field name="ID" rel="ManyToOneRel" to="user_side.mesurement_list">5gl7vz</field><field name="ammount" type="IntegerField">2</field><field name="time" type="DateTimeField">2023-12-27T13:54:10.828908+00:00</field></object><object model="user_side.all_mesurement" pk="62"><field name="ID" rel="ManyToOneRel" to="user_side.mesurement_list">5gl7vz</field><field name="ammount" type="IntegerField">13</field><field name="time" type="DateTimeField">2023-12-27T13:54:50.241933+00:00</field></object><object model="user_side.all_mesurement" pk="63"><field name="ID" rel="ManyToOneRel" to="user_side.mesurement_list">5gl7vz</field><field name="ammount" type="IntegerField">5</field><field name="time" type="DateTimeField">2023-12-27T13:55:27.043677+00:00</field></object><object model="user_side.all_mesurement" pk="64"><field name="ID" rel="ManyToOneRel" to="user_side.mesurement_list">5gl7vz</field><field name="ammount" type="IntegerField">17</field><field name="time" type="DateTimeField">2023-12-27T13:56:06.479936+00:00</field></object><object model="user_side.all_mesurement" pk="65"><field name="ID" rel="ManyToOneRel" to="user_side.mesurement_list">5gl7vz</field><field name="ammount" type="IntegerField">7</field><field name="time" type="DateTimeField">2023-12-27T13:56:44.322915+00:00</field></object><object model="user_side.all_mesurement" pk="66"><field name="ID" rel="ManyToOneRel" to="user_side.mesurement_list">5gl7vz</field><field name="ammount" type="IntegerField">10</field><field name="time" type="DateTimeField">2023-12-27T13:57:21.115516+00:00</field></object><object model="user_side.all_mesurement" pk="67"><field name="ID" rel="ManyToOneRel" to="user_side.mesurement_list">5gl7vz</field><field name="ammount" type="IntegerField">3</field><field name="time" type="DateTimeField">2023-12-27T13:57:55.287435+00:00</field></object><object model="user_side.all_mesurement" pk="68"><field name="ID" rel="ManyToOneRel" to="user_side.mesurement_list">5gl7vz</field><field name="ammount" type="IntegerField">7</field><field name="time" type="DateTimeField">2023-12-27T13:58:32.083492+00:00</field></object><object model="user_side.all_mesurement" pk="69"><field name="ID" rel="ManyToOneRel" to="user_side.mesurement_list">5gl7vz</field><field name="ammount" type="IntegerField">6</field><field name="time" type="DateTimeField">2023-12-27T13:59:06.268785+00:00</field></object><object model="user_side.all_mesurement" pk="70"><field name="ID" rel="ManyToOneRel" to="user_side.mesurement_list">5gl7vz</field><field name="ammount" type="IntegerField">12</field><field name="time" type="DateTimeField">2023-12-27T13:59:44.609449+00:00</field></object><object model="user_side.all_mesurement" pk="71"><field name="ID" rel="ManyToOneRel" to="user_side.mesurement_list">5gl7vz</field><field name="ammount" type="IntegerField">13</field><field name="time" type="DateTimeField">2023-12-27T14:00:21.388943+00:00</field></object><object model="user_side.all_mesurement" pk="72"><field name="ID" rel="ManyToOneRel" to="user_side.mesurement_list">5gl7vz</field><field name="ammount" type="IntegerField">16</field><field name="time" type="DateTimeField">2023-12-27T14:00:55.542380+00:00</field></object><object model="user_side.all_mesurement" pk="73"><field name="ID" rel="ManyToOneRel" to="user_side.mesurement_list">5gl7vz</field><field name="ammount" type="IntegerField">18</field><field name="time" type="DateTimeField">2023-12-27T14:01:32.297115+00:00</field></object><object model="user_side.all_mesurement" pk="74"><field name="ID" rel="ManyToOneRel" to="user_side.mesurement_list">5gl7vz</field><field name="ammount" type="IntegerField">9</field><field name="time" type="DateTimeField">2023-12-27T14:02:06.443034+00:00</field></object><object model="user_side.all_mesurement" pk="75"><field name="ID" rel="ManyToOneRel" to="user_side.mesurement_list">5gl7vz</field><field name="ammount" type="IntegerField">13</field><field name="time" type="DateTimeField">2023-12-27T14:02:45.202234+00:00</field></object><object model="user_side.all_mesurement" pk="76"><field name="ID" rel="ManyToOneRel" to="user_side.mesurement_list">5gl7vz</field><field name="ammount" type="IntegerField">5</field><field name="time" type="DateTimeField">2023-12-27T14:03:21.981926+00:00</field></object><object model="user_side.all_mesurement" pk="77"><field name="ID" rel="ManyToOneRel" to="user_side.mesurement_list">5gl7vz</field><field name="ammount" type="IntegerField">4</field><field name="time" type="DateTimeField">2023-12-27T14:03:56.131221+00:00</field></object><object model="user_side.all_mesurement" pk="78"><field name="ID" rel="ManyToOneRel" to="user_side.mesurement_list">5gl7vz</field><field name="ammount" type="IntegerField">10</field><field name="time" type="DateTimeField">2023-12-27T14:04:32.933923+00:00</field></object><object model="user_side.all_mesurement" pk="79"><field name="ID" rel="ManyToOneRel" to="user_side.mesurement_list">5gl7vz</field><field name="ammount" type="IntegerField">6</field><field name="time" type="DateTimeField">2023-12-27T14:05:07.071637+00:00</field></object><object model="user_side.all_mesurement" pk="80"><field name="ID" rel="ManyToOneRel" to="user_side.mesurement_list">5gl7vz</field><field name="ammount" type="IntegerField">10</field><field name="time" type="DateTimeField">2023-12-27T14:05:45.493468+00:00</field></object><object model="user_side.all_mesurement" pk="81"><field name="ID" rel="ManyToOneRel" to="user_side.mesurement_list">5gl7vz</field><field name="ammount" type="IntegerField">8</field><field name="time" type="DateTimeField">2023-12-27T14:06:22.309085+00:00</field></object><object model="user_side.all_mesurement" pk="82"><field name="ID" rel="ManyToOneRel" to="user_side.mesurement_list">5gl7vz</field><field name="ammount" type="IntegerField">8</field><field name="time" type="DateTimeField">2023-12-27T14:06:56.504794+00:00</field></object><object model="user_side.all_mesurement" pk="83"><field name="ID" rel="ManyToOneRel" to="user_side.mesurement_list">5gl7vz</field><field name="ammount" type="IntegerField">14</field><field name="time" type="DateTimeField">2023-12-27T14:07:33.263927+00:00</field></object><object model="user_side.all_mesurement" pk="84"><field name="ID" rel="ManyToOneRel" to="user_side.mesurement_list">5gl7vz</field><field name="ammount" type="IntegerField">16</field><field name="time" type="DateTimeField">2023-12-27T14:08:07.423654+00:00</field></object><object model="user_side.all_mesurement" pk="85"><field name="ID" rel="ManyToOneRel" to="user_side.mesurement_list">5gl7vz</field><field name="ammount" type="IntegerField">16</field><field name="time" type="DateTimeField">2023-12-27T14:08:45.688129+00:00</field></object><object model="user_side.all_mesurement" pk="86"><field name="ID" rel="ManyToOneRel" to="user_side.mesurement_list">5gl7vz</field><field name="ammount" type="IntegerField">13</field><field name="time" type="DateTimeField">2023-12-27T14:09:22.473820+00:00</field></object><object model="user_side.all_mesurement" pk="87"><field name="ID" rel="ManyToOneRel" to="user_side.mesurement_list">5gl7vz</field><field name="ammount" type="IntegerField">12</field><field name="time" type="DateTimeField">2023-12-27T14:09:56.629685+00:00</field></object><object model="user_side.all_mesurement" pk="88"><field name="ID" rel="ManyToOneRel" to="user_side.mesurement_list">5gl7vz</field><field name="ammount" type="IntegerField">4</field><field name="time" type="DateTimeField">2023-12-27T14:10:33.401972+00:00</field></object><object model="user_side.all_mesurement" pk="89"><field name="ID" rel="ManyToOneRel" to="user_side.mesurement_list">5gl7vz</field><field name="ammount" type="IntegerField">5</field><field name="time" type="DateTimeField">2023-12-27T14:11:07.589495+00:00</field></object><object model="user_side.all_mesurement" pk="90"><field name="ID" rel="ManyToOneRel" to="user_side.mesurement_list">5gl7vz</field><field name="ammount" type="IntegerField">1</field><field name="time" type="DateTimeField">2023-12-27T14:11:45.942189+00:00</field></object></django-objects>