<?xml version="1.0" encoding="utf-8"?>
<django-objects version="1.0"><object model="user_side.all_measurement" pk="13"><field name="ID" rel="ManyToOneRel" to="user_side.measurement_list">9a1apc</field><field name="ammount" type="IntegerField">8</field><field name="time" type="DateTimeField">2023-12-27T19:21:41.441073+00:00</field></object><object model="user_side.all_measurement" pk="14"><field name="ID" rel="ManyToOneRel" to="user_side.measurement_list">9a1apc</field><field name="ammount" type="IntegerField">8</field><field name="time" type="DateTimeField">2023-12-27T19:22:15.623563+00:00</field></object><object model="user_side.all_measurement" pk="15"><field name="ID" rel="ManyToOneRel" to="user_side.measurement_list">9a1apc</field><field name="ammount" type="IntegerField">16</field><field name="time" type="DateTimeField">2023-12-27T19:22:49.759014+00:00</field></object><object model="user_side.all_measurement" pk="16"><field name="ID" rel="ManyToOneRel" to="user_side.measurement_list">9a1apc</field><field name="ammount" type="IntegerField">7</field><field name="time" type="DateTimeField">2023-12-27T19:23:25.289480+00:00</field></object><object model="user_side.all_measurement" pk="17"><field name="ID" rel="ManyToOneRel" to="user_side.measurement_list">9a1apc</field><field name="ammount" type="IntegerField">10</field><field name="time" type="DateTimeField">2023-12-27T19:24:00.755348+00:00</field></object><object model="user_side.all_measurement" pk="18"><field name="ID" rel="ManyToOneRel" to="user_side.measurement_list">9a1apc</field><field name="ammount" type="IntegerField">9</field><field name="time" type="DateTimeField">2023-12-27T19:24:34.932342+00:00</field></object><object model="user_side.all_measurement" pk="19"><field name="ID" rel="ManyToOneRel" to="user_side.measurement_list">9a1apc</field><field name="ammount" type="IntegerField">15</field><field name="time" type="DateTimeField">2023-12-27T19:25:09.110434+00:00</field></object><object model="user_side.all_measurement" pk="20"><field name="ID" rel="ManyToOneRel" to="user_side.measurement_list">9a1apc</field><field name="ammount" type="IntegerField">8</field><field name="time" type="DateTimeField">2023-12-27T19:25:43.288064+00:00</field></object><object model="user_side.all_measurement" pk="21"><field name="ID" rel="ManyToOneRel" to="user_side.measurement_list">9a1apc</field><field name="ammount" type="IntegerField">18</field><field name="time" type="DateTimeField">2023-12-27T19:26:17.494772+00:00</field></object><object model="user_side.all_measurement" pk="22"><field name="ID" rel="ManyToOneRel" to="user_side.measurement_list">9a1apc</field><field name="ammount" type="IntegerField">13</field><field name="time" type="DateTimeField">2023-12-27T19:26:51.634934+00:00</field></object><object model="user_side.all_measurement" pk="23"><field name="ID" rel="ManyToOneRel" to="user_side.measurement_list">9a1apc</field><field name="ammount" type="IntegerField">4</field><field name="time" type="DateTimeField">2023-12-27T19:27:25.797983+00:00</field></object><object model="user_side.all_measurement" pk="24"><field name="ID" rel="ManyToOneRel" to="user_side.measurement_list">9a1apc</field><field name="ammount" type="IntegerField">16</field><field name="time" type="DateTimeField">2023-12-27T19:27:59.965339+00:00</field></object><object model="user_side.all_measurement" pk="25"><field name="ID" rel="ManyToOneRel" to="user_side.measurement_list">9a1apc</field><field name="ammount" type="IntegerField">12</field><field name="time" type="DateTimeField">2023-12-27T19:28:34.173635+00:00</field></object><object model="user_side.all_measurement" pk="26"><field name="ID" rel="ManyToOneRel" to="user_side.measurement_list">9a1apc</field><field name="ammount" type="IntegerField">13</field><field name="time" type="DateTimeField">2023-12-27T19:29:08.373609+00:00</field></object><object model="user_side.all_measurement" pk="27"><field name="ID" rel="ManyToOneRel" to="user_side.measurement_list">9a1apc</field><field name="ammount" type="IntegerField">18</field><field name="time" type="DateTimeField">2023-12-27T19:29:42.546576+00:00</field></object><object model="user_side.all_measurement" pk="28"><field name="ID" rel="ManyToOneRel" to="user_side.measurement_list">9a1apc</field><field name="ammount" type="IntegerField">9</field><field name="time" type="DateTimeField">2023-12-27T19:30:16.741059+00:00</field></object><object model="user_side.all_measurement" pk="29"><field name="ID" rel="ManyToOneRel" to="user_side.measurement_list">9a1apc</field><field name="ammount" type="IntegerField">3</field><field name="time" type="DateTimeField">2023-12-27T19:30:50.927045+00:00</field></object><object model="user_side.all_measurement" pk="30"><field name="ID" rel="ManyToOneRel" to="user_side.measurement_list">9a1apc</field><field name="ammount" type="IntegerField">2</field><field name="time" type="DateTimeField">2023-12-27T19:31:25.117671+00:00</field></object><object model="user_side.all_measurement" pk="31"><field name="ID" rel="ManyToOneRel" to="user_side.measurement_list">9a1apc</field><field name="ammount" type="IntegerField">3</field><field name="time" type="DateTimeField">2023-12-27T19:31:59.293957+00:00</field></object><object model="user_side.all_measurement" pk="32"><field name="ID" rel="ManyToOneRel" to="user_side.measurement_list">9a1apc</field><field name="ammount" type="IntegerField">9</field><field name="time" type="DateTimeField">2023-12-27T19:32:33.476667+00:00</field></object><object model="user_side.all_measurement" pk="33"><field name="ID" rel="ManyToOneRel" to="user_side.measurement_list">9a1apc</field><field name="ammount" type="IntegerField">9</field><field name="time" type="DateTimeField">2023-12-27T19:33:07.616423+00:00</field></object><object model="user_side.all_measurement" pk="34"><field name="ID" rel="ManyToOneRel" to="user_side.measurement_list">9a1apc</field><field name="ammount" type="IntegerField">6</field><field name="time" type="DateTimeField">2023-12-27T19:33:41.798809+00:00</field></object><object model="user_side.all_measurement" pk="35"><field name="ID" rel="ManyToOneRel" to="user_side.measurement_list">9a1apc</field><field name="ammount" type="IntegerField">14</field><field name="time" type="DateTimeField">2023-12-27T19:34:15.975171+00:00</field></object><object model="user_side.all_measurement" pk="36"><field name="ID" rel="ManyToOneRel" to="user_side.measurement_list">9a1apc</field><field name="ammount" type="IntegerField">12</field><field name="time" type="DateTimeField">2023-12-27T19:34:50.163451+00:00</field></object><object model="user_side.all_measurement" pk="37"><field name="ID" rel="ManyToOneRel" to="user_side.measurement_list">9a1apc</field><field name="ammount" type="IntegerField">17</field><field name="time" type="DateTimeField">2023-12-27T19:35:24.318571+00:00</field></object><object model="user_side.all_measurement" pk="38"><field name="ID" rel="ManyToOneRel" to="user_side.measurement_list">9a1apc</field><field name="ammount" type="IntegerField">1</field><field name="time" type="DateTimeField">2023-12-27T19:35:58.460869+00:00</field></object></django-objects>